{
    "University_A": 408.0210431406158,
    "Researcher_X": -245.9894784296921,
    "Public_Reserve": 2742.328625372029,
    "Maintenance_Vault": 573.5831654875074,
    "Tax_Paid_Total": 168.04612285923213,
    "Total_Revenue_Generated": 1200.0,
    "SAI_Authority": 0.99
}